trt,emmean,SE,df,lower.CL,upper.CL,.group
GM_PC_1,0.003379995362781203,5.796568626938259e-4,32,0.0016832332836797625,0.005076757441882643, a     
GM_PC_2,0.004456486164691685,5.79656862693826e-4,32,0.002759724085590244,0.0061532482437931255, ab    
PC_1,0.005950730911107412,5.79656862693826e-4,32,0.004253968832005971,0.007647492990208853, abc   
PC_2,0.006588348253911295,5.796568626938262e-4,32,0.004891586174809854,0.008285110333012735,  bc   
CR_1,0.007427062558130635,5.796568626938259e-4,32,0.0057303004790291955,0.009123824637232075,   cd  
AR_1,0.009874872859077401,5.796568626938258e-4,32,0.008178110779975961,0.011571634938178841,    de 
CR_2,0.010779829455506899,5.796568626938261e-4,32,0.009083067376405457,0.01247659153460834,     e 
AR_2,0.013600141181135901,5.796568626938262e-4,32,0.01190337910203446,0.015296903260237343,      f
