trt,emmean,SE,df,lower.CL,upper.CL,.group
GM_PC_1,0.0033799953627812003,5.796568626938258e-4,32,0.0016832332836797601,0.00507675744188264, a     
GM_PC_2,0.004456486164691683,5.796568626938255e-4,32,0.002759724085590244,0.006153248243793122, ab    
PC_1,0.005950730911107412,5.796568626938256e-4,32,0.004253968832005973,0.007647492990208851, abc   
PC_2,0.006588348253911292,5.796568626938253e-4,32,0.004891586174809853,0.00828511033301273,  bc   
CR_1,0.0074270625581306345,5.796568626938253e-4,32,0.0057303004790291955,0.009123824637232074,   cd  
AR_1,0.009874872859077398,5.796568626938252e-4,32,0.00817811077997596,0.011571634938178836,    de 
CR_2,0.010779829455506897,5.796568626938256e-4,32,0.009083067376405457,0.012476591534608337,     e 
AR_2,0.013600141181135901,5.796568626938258e-4,32,0.011903379102034461,0.015296903260237341,      f
