spp,emmean,SE,df,lower.CL,upper.CL,.group
GM_PC,0.0056387236225771175,6.918173905253554e-4,32,0.0038076014798966735,0.0074698457652575614, a   
PC,0.009550386759043027,6.918173905253548e-4,32,0.007719264616362585,0.01138150890172347,  b  
CR,0.015004243115418547,6.91817390525354e-4,32,0.013173120972738107,0.016835365258098988,   c 
AR,0.018382942675725898,6.918173905253544e-4,32,0.016551820533045457,0.02021406481840634,    d
