spp,emmean,SE,df,lower.CL,upper.CL,.group
GM_PC,0.005638723630474806,6.918173905975017e-4,32,0.0038076014876034033,0.007469845773346209, a   
PC,0.009550386750801207,6.918173905975012e-4,32,0.0077192646079298054,0.011381508893672608,  b  
CR,0.015004243122829879,6.918173905975004e-4,32,0.013173120979958479,0.01683536526570128,   c 
AR,0.018382942669503438,6.918173905975011e-4,32,0.01655182052663204,0.020214064812374838,    d
