spp,emmean,SE,df,lower.CL,upper.CL,.group
GM_PC,0.006486561474156354,8.803124600573926e-4,36,0.004171821294738143,0.008801301653574565, a  
PC,0.008162291812259304,8.803124600573925e-4,36,0.005847551632841093,0.010477031991677514, ab 
CR,0.010134498120970363,8.80312460057393e-4,36,0.00781975794155215,0.012449238300388575,  bc
AR,0.01242445061293736,8.80312460057393e-4,36,0.010109710433519149,0.014739190792355573,   c
