spp,emmean,SE,df,lower.CL,upper.CL,.group
GM_PC,0.006486561474156354,8.443124493707576e-4,32,0.0042518110290865685,0.008721311919226139, a  
PC,0.008162291812259302,8.44312449370757e-4,32,0.005927541367189518,0.010397042257329086, ab 
CR,0.010134498120970366,8.443124493707564e-4,32,0.007899747675900584,0.012369248566040148,  bc
AR,0.012424450612937355,8.443124493707562e-4,32,0.010189700167867573,0.014659201058007137,   c
