spp,emmean,SE,df,lower.CL,upper.CL,.group
GM_PC,0.006486561474156354,8.803124600573927e-4,36,0.004171821294738143,0.008801301653574565, a  
PC,0.008162291812259304,8.803124600573926e-4,36,0.005847551632841092,0.010477031991677516, ab 
CR,0.010134498120970363,8.803124600573923e-4,36,0.007819757941552152,0.012449238300388573,  bc
AR,0.01242445061293736,8.803124600573926e-4,36,0.010109710433519149,0.014739190792355573,   c
