sp,emmean,SE,df,lower.CL,upper.CL
ar,0.01004236726522612,4.889670011234541e-4,32,0.009046374076786065,0.011038360453666176
cr,0.008737689097419767,4.889670011234539e-4,32,0.007741695908979711,0.009733682285859822
gm_pc,0.004921340940146079,4.88967001123454e-4,32,0.003925347751706023,0.005917334128586135
pc,0.006092178749326882,4.889670011234537e-4,32,0.005096185560886826,0.007088171937766938
