spp,soil_block,emmean,SE,df,lower.CL,upper.CL,.group
gm_pc,1,0.0051019170396778574,7.2902947519003e-4,32,0.0029679138946084897,0.007235920184747225, a   
gm_pc,2,0.005444177279638851,7.290294751900296e-4,32,0.003310174134569484,0.007578180424708218, a   
pc,2,0.00627229187262624,7.290294751900293e-4,32,0.004138288727556874,0.008406295017695607, ab  
cr,1,0.007511785393550006,7.290294751900295e-4,32,0.00537778224848064,0.009645788538619372, ab  
pc,1,0.008246825794977049,7.290294751900295e-4,32,0.006112822649907682,0.010380828940046416, abc 
cr,2,0.009684355881517883,7.290294751900298e-4,32,0.0075503527364485165,0.01181835902658725,  bcd
ar,1,0.011315779717934809,7.290294751900295e-4,32,0.009181776572865442,0.013449782863004175,   cd
ar,2,0.012821263018105909,7.290294751900298e-4,32,0.010687259873036542,0.014955266163175275,    d
