spp,emmean,SE,df,lower.CL,upper.CL,.group
gm_pc,0.005273047159658354,5.155016855917401e-4,32,0.003908602489715453,0.006637491829601255, a  
pc,0.007259558833801644,5.155016855917397e-4,32,0.005895114163858744,0.008624003503744544, ab 
cr,0.008598070637533945,5.155016855917399e-4,32,0.007233625967591044,0.009962515307476846,  b 
ar,0.01206852136802036,5.1550168559174e-4,32,0.010704076698077459,0.01343296603796326,   c
